epoch,time,train/box_loss,train/cls_loss,train/dfl_loss,metrics/precision(B),metrics/recall(B),metrics/mAP50(B),metrics/mAP50-95(B),val/box_loss,val/cls_loss,val/dfl_loss,lr/pg0,lr/pg1,lr/pg2
1,49.8742,0.66929,0.89189,0.93653,0.99288,0.98946,0.99475,0.86213,0.52495,0.36987,0.86433,0.000662252,0.000662252,0.000662252
2,99.3069,0.67144,0.47646,0.92608,0.98413,0.98083,0.99441,0.8471,0.60489,0.44686,0.89485,0.00130261,0.00130261,0.00130261
3,148.653,0.67286,0.46316,0.93625,0.98515,0.99121,0.99436,0.84496,0.59279,0.45328,0.88848,0.00191656,0.00191656,0.00191656
4,198.174,0.66795,0.43731,0.93355,0.99647,0.99151,0.99496,0.86336,0.54364,0.35357,0.87182,0.0018812,0.0018812,0.0018812
5,247.497,0.63611,0.41941,0.92098,0.99824,1,0.995,0.86777,0.51416,0.31634,0.86239,0.0018416,0.0018416,0.0018416
6,297.026,0.62211,0.39482,0.91411,1,0.99013,0.995,0.87412,0.4902,0.30219,0.85607,0.001802,0.001802,0.001802
7,346.567,0.58898,0.36793,0.90261,0.98775,0.99473,0.99475,0.87388,0.50397,0.33874,0.86152,0.0017624,0.0017624,0.0017624
8,398.628,0.59304,0.3762,0.90824,0.99627,0.99473,0.995,0.88794,0.47424,0.27705,0.8497,0.0017228,0.0017228,0.0017228
9,454.357,0.58677,0.36077,0.91097,0.99824,0.99957,0.995,0.89138,0.44906,0.26777,0.84366,0.0016832,0.0016832,0.0016832
10,512.143,0.5558,0.34643,0.89305,0.99815,0.99824,0.995,0.88623,0.47299,0.26199,0.84849,0.0016436,0.0016436,0.0016436
11,565.973,0.55661,0.34279,0.90083,0.9981,0.98946,0.99495,0.88722,0.47952,0.27245,0.85012,0.001604,0.001604,0.001604
12,616.039,0.53526,0.3312,0.88477,0.99801,1,0.995,0.9034,0.43729,0.246,0.8404,0.0015644,0.0015644,0.0015644
13,665.537,0.53597,0.32111,0.88566,0.99796,0.99473,0.995,0.89482,0.4399,0.251,0.84142,0.0015248,0.0015248,0.0015248
14,714.976,0.54242,0.3224,0.88857,0.99992,1,0.995,0.89177,0.45618,0.26044,0.84254,0.0014852,0.0014852,0.0014852
15,764.411,0.52657,0.31998,0.8837,0.99811,0.99824,0.99498,0.89834,0.43062,0.2432,0.83968,0.0014456,0.0014456,0.0014456
16,814.024,0.51344,0.30916,0.88098,0.99795,0.99473,0.995,0.8949,0.44061,0.24858,0.83869,0.001406,0.001406,0.001406
17,863.45,0.51025,0.30673,0.87941,0.99994,0.99824,0.995,0.90404,0.41668,0.22958,0.83552,0.0013664,0.0013664,0.0013664
18,912.992,0.51585,0.30881,0.88066,0.99995,1,0.995,0.90449,0.41496,0.23543,0.83367,0.0013268,0.0013268,0.0013268
19,962.699,0.50622,0.29998,0.87543,0.99825,0.99996,0.995,0.89882,0.42787,0.2288,0.83335,0.0012872,0.0012872,0.0012872
20,1012.31,0.49664,0.2912,0.87111,0.99984,1,0.995,0.90787,0.40914,0.21887,0.83254,0.0012476,0.0012476,0.0012476
21,1061.79,0.49982,0.28926,0.87196,0.99945,1,0.995,0.90989,0.41103,0.21291,0.82987,0.001208,0.001208,0.001208
22,1111.55,0.49091,0.29083,0.87414,0.99824,0.99811,0.995,0.90989,0.39925,0.21924,0.82856,0.0011684,0.0011684,0.0011684
23,1166.46,0.48985,0.28759,0.87433,0.99824,0.99764,0.995,0.89933,0.41911,0.22023,0.83592,0.0011288,0.0011288,0.0011288
24,1218.57,0.484,0.28218,0.87078,0.99974,0.99824,0.995,0.90995,0.40633,0.21256,0.8291,0.0010892,0.0010892,0.0010892
25,1277.12,0.47817,0.27939,0.86734,0.99989,1,0.995,0.90888,0.39802,0.20534,0.82853,0.0010496,0.0010496,0.0010496
26,1328.52,0.48721,0.27785,0.86909,0.99976,1,0.995,0.92011,0.39113,0.20129,0.82684,0.00101,0.00101,0.00101
27,1378.19,0.47487,0.2732,0.86969,1,0.99994,0.995,0.90589,0.40953,0.20732,0.83129,0.0009704,0.0009704,0.0009704
28,1427.87,0.46727,0.27155,0.86619,1,0.9999,0.995,0.91369,0.39757,0.21229,0.8287,0.0009308,0.0009308,0.0009308
29,1477.35,0.46351,0.26672,0.86352,0.99781,1,0.995,0.91922,0.3905,0.20167,0.82617,0.0008912,0.0008912,0.0008912
30,1527,0.46283,0.26777,0.86409,0.9963,1,0.995,0.91627,0.38916,0.20152,0.8265,0.0008516,0.0008516,0.0008516
31,1576.52,0.4692,0.26835,0.87073,0.99959,1,0.995,0.92044,0.39058,0.19869,0.82565,0.000812,0.000812,0.000812
32,1626.26,0.44982,0.2556,0.85831,0.99454,1,0.995,0.91298,0.39755,0.19922,0.8297,0.0007724,0.0007724,0.0007724
33,1675.72,0.44738,0.25111,0.85834,0.99806,1,0.995,0.91273,0.38461,0.19104,0.82664,0.0007328,0.0007328,0.0007328
34,1725.5,0.44687,0.25006,0.85898,0.99752,0.99824,0.995,0.92405,0.37893,0.19386,0.82422,0.0006932,0.0006932,0.0006932
35,1775.3,0.45354,0.25013,0.86253,0.99824,0.99963,0.995,0.91925,0.38428,0.19359,0.82653,0.0006536,0.0006536,0.0006536
36,1825.04,0.43589,0.24397,0.85587,0.99808,1,0.995,0.92652,0.37472,0.18771,0.82206,0.000614,0.000614,0.000614
37,1874.6,0.43497,0.24007,0.85498,0.99991,1,0.995,0.92083,0.37936,0.18251,0.82245,0.0005744,0.0005744,0.0005744
38,1924.12,0.4401,0.24253,0.85635,0.9998,1,0.995,0.9233,0.37635,0.18037,0.82156,0.0005348,0.0005348,0.0005348
39,1977.14,0.4339,0.23637,0.85029,1,0.99976,0.995,0.93204,0.3664,0.17515,0.82034,0.0004952,0.0004952,0.0004952
40,2032.39,0.43336,0.23575,0.85729,0.99816,1,0.995,0.93315,0.365,0.17584,0.81873,0.0004556,0.0004556,0.0004556
41,2088.9,0.37845,0.19606,0.82269,0.99795,1,0.995,0.91782,0.3805,0.18736,0.82241,0.000416,0.000416,0.000416
42,2138.43,0.37279,0.19741,0.81942,0.99801,1,0.995,0.93047,0.36985,0.18503,0.81857,0.0003764,0.0003764,0.0003764
43,2187.74,0.3675,0.19339,0.82193,1,0.99976,0.995,0.92101,0.37343,0.18238,0.82285,0.0003368,0.0003368,0.0003368
44,2237.21,0.36449,0.19106,0.82254,1,0.99985,0.995,0.93051,0.36397,0.17879,0.81984,0.0002972,0.0002972,0.0002972
45,2286.57,0.36307,0.18908,0.81233,0.99763,1,0.995,0.92901,0.36364,0.1746,0.81897,0.0002576,0.0002576,0.0002576
46,2336.04,0.35571,0.18251,0.81577,0.99818,1,0.995,0.93279,0.36155,0.17168,0.81662,0.000218,0.000218,0.000218
47,2385.54,0.35548,0.18122,0.81368,1,0.99938,0.995,0.9336,0.35626,0.16903,0.81575,0.0001784,0.0001784,0.0001784
48,2435.17,0.35172,0.1759,0.81657,0.99797,1,0.995,0.93748,0.35041,0.16501,0.81606,0.0001388,0.0001388,0.0001388
49,2484.56,0.34511,0.17204,0.81179,0.99807,1,0.995,0.93631,0.35259,0.16053,0.81661,9.92e-05,9.92e-05,9.92e-05
50,2533.97,0.34126,0.16834,0.81291,0.9981,1,0.995,0.93707,0.35002,0.1581,0.81616,5.96e-05,5.96e-05,5.96e-05
