time,error_x,error_y,error_z,yaw_cmd,up_cmd,forward_cmd,depth,tracking
67.4657974243164,-186,-76,1.7708108108108105,-40,30,25,2.7708108108108105,1
67.53122234344482,-185,-75,1.8477777777777775,-40,25,20,2.8477777777777775,1
67.5941379070282,-184,-78,1.6978947368421053,-40,30,10,2.6978947368421053,1
67.65981221199036,-183,-81,1.6978947368421053,-40,30,16,2.6978947368421053,1
67.77654075622559,-180,-84,1.6287179487179486,-40,30,13,2.6287179487179486,1
67.84218454360962,-174,-86,1.6978947368421053,-39,30,18,2.6978947368421053,1
67.91341137886047,-162,-88,1.7708108108108105,-25,30,21,2.7708108108108105,1
67.9787187576294,-143,-89,1.8477777777777775,-14,30,21,2.8477777777777775,1
68.10025763511658,-127,-90,1.7708108108108105,-12,30,14,2.7708108108108105,1
68.16403388977051,-105,-87,1.8477777777777775,-11,27,20,2.8477777777777775,1
68.22862243652344,-86,-84,1.8477777777777775,2,23,18,2.8477777777777775,1
68.29328083992004,-68,-79,1.8477777777777775,5,18,18,2.8477777777777775,1
68.4120979309082,-56,-76,2.1066666666666665,0,21,25,3.1066666666666665,1
68.46724343299866,-47,-73,2.1066666666666665,-5,22,21,3.1066666666666665,1
68.5233325958252,-40,-71,2.1066666666666665,0,20,21,3.1066666666666665,1
68.58277130126953,-34,-69,2.1066666666666665,0,19,21,3.1066666666666665,1
68.74489641189575,-21,-62,1.8477777777777775,12,7,5,2.8477777777777775,1
68.82855463027954,-10,-57,1.8477777777777775,2,16,18,2.8477777777777775,1
68.91976165771484,-2,-52,2.0152941176470587,7,11,25,3.0152941176470587,1
69.00564694404602,18,-41,1.8477777777777775,22,0,12,2.8477777777777775,1
69.12659978866577,38,-29,1.5629999999999997,28,-6,5,2.5629999999999997,1
69.1893413066864,59,-17,1.6287179487179486,28,-6,17,2.6287179487179486,1
69.24470496177673,78,-7,1.440952380952381,40,-16,5,2.440952380952381,1
69.30205512046814,93,3,1.440952380952381,40,-22,14,2.440952380952381,1
69.4159677028656,105,11,1.440952380952381,40,-20,14,2.440952380952381,1
69.47200727462769,115,18,1.440952380952381,35,-13,14,2.440952380952381,1
69.53027486801147,122,24,1.33,40,-21,7,2.33,1
69.58704090118408,125,28,1.440952380952381,35,-18,20,2.440952380952381,1
69.69461441040039,124,31,1.33,29,-17,7,2.33,1
69.74828624725342,119,33,1.33,26,-13,13,2.33,1
69.80374646186829,111,34,1.384186046511628,15,-14,16,2.384186046511628,1
69.85664868354797,102,34,1.278222222222222,12,-11,7,2.278222222222222,1
69.97333598136902,91,34,1.2286956521739127,5,-11,9,2.2286956521739127,1
70.03014326095581,78,34,1.278222222222222,10,-11,14,2.278222222222222,1
70.08775568008423,65,36,1.2286956521739127,-1,-16,9,2.2286956521739127,1
70.14176368713379,52,39,1.33,-5,-19,18,2.33,1
70.24406361579895,42,40,1.278222222222222,-4,-16,9,2.278222222222222,1
70.29774069786072,32,43,1.440952380952381,0,-18,19,2.440952380952381,1
70.35428929328918,24,47,1.440952380952381,-5,-25,14,2.440952380952381,1
70.40984010696411,17,50,1.384186046511628,-5,-23,10,2.384186046511628,1
70.50494074821472,13,54,0.9715384615384615,-2,-27,-12,1.9715384615384615,1
70.5568037033081,10,57,0.9715384615384615,0,-23,9,1.9715384615384615,1
70.61206793785095,8,59,0.9715384615384615,-1,-25,9,1.9715384615384615,1
70.66620254516602,7,60,0.9715384615384615,0,-23,9,1.9715384615384615,1
70.78780508041382,7,62,0.9715384615384615,1,-26,9,1.9715384615384615,1
70.83954906463623,8,64,0.9715384615384615,2,-24,9,1.9715384615384615,1
70.89511442184448,10,66,0.9343396226415093,5,-27,7,1.9343396226415093,1
70.94973397254944,11,68,0.9343396226415093,4,-28,9,1.9343396226415093,1
71.05558753013611,13,69,0.9343396226415093,6,-26,9,1.9343396226415093,1
71.11651682853699,15,71,0.8985185185185185,5,-27,7,1.8985185185185185,1
71.17153096199036,18,74,0.9343396226415093,8,-30,11,1.9343396226415093,1
71.22581791877747,21,76,0.8985185185185185,9,-30,7,1.8985185185185185,1
71.31060242652893,24,79,0.8307142857142857,10,-30,4,1.8307142857142857,1
71.36669540405273,27,83,0.8639999999999999,9,-30,9,1.8639999999999999,1
71.42286133766174,29,87,0.7985964912280701,10,-30,4,1.79859649122807,1
71.47554135322571,31,91,0.7086666666666666,10,-30,2,1.7086666666666666,1
71.577232837677,33,94,0.7376271186440677,11,-30,9,1.7376271186440677,1
71.62869930267334,34,96,0.7376271186440677,9,-30,7,1.7376271186440677,1
71.68653655052185,34,98,0.8307142857142857,8,-30,13,1.8307142857142857,1
71.74110150337219,34,99,0.7376271186440677,8,-30,2,1.7376271186440677,1
71.84445190429688,33,100,0.8307142857142857,6,-30,13,1.8307142857142857,1
71.90018582344055,31,100,0.7376271186440677,6,-30,4,1.7376271186440677,1
71.95486378669739,29,100,0.8639999999999999,4,-30,15,1.8639999999999999,1
72.0092511177063,28,99,0.8639999999999999,5,-30,8,1.8639999999999999,1
72.10622930526733,27,98,0.8639999999999999,5,-30,8,1.8639999999999999,1
72.15961503982544,27,97,0.8639999999999999,6,-30,8,1.8639999999999999,1
72.21671843528748,27,96,0.8985185185185185,6,-30,10,1.8985185185185185,1
72.27139210700989,27,94,0.9343396226415093,6,-28,11,1.9343396226415093,1
72.3537278175354,27,93,0.8307142857142857,6,-30,2,1.8307142857142857,1
72.40743279457092,27,90,0.8307142857142857,6,-27,8,1.8307142857142857,1
72.46374249458313,28,88,0.8307142857142857,8,-26,8,1.8307142857142857,1
72.51692581176758,28,86,0.8307142857142857,7,-25,8,1.8307142857142857,1
72.5978775024414,28,83,0.7985964912280701,7,-22,6,1.79859649122807,1
72.65163779258728,29,81,0.7985964912280701,8,-25,7,1.79859649122807,1
72.70789432525635,29,79,0.7985964912280701,7,-23,7,1.79859649122807,1
72.76350092887878,30,78,0.7985964912280701,8,-25,7,1.79859649122807,1
72.84744477272034,30,77,0.7985964912280701,7,-24,7,1.79859649122807,1
72.90757703781128,30,75,0.7985964912280701,7,-23,7,1.79859649122807,1
72.95937871932983,33,72,0.7086666666666666,12,-19,2,1.7086666666666666,1
73.02365493774414,35,69,0.7376271186440677,11,-17,9,1.7376271186440677,1
73.11948251724243,37,67,0.7985964912280701,11,-19,10,1.79859649122807,1
73.17968821525574,39,65,0.7376271186440677,11,-20,5,1.7376271186440677,1
73.23512744903564,42,62,0.7376271186440677,14,-15,7,1.7376271186440677,1
73.28697609901428,44,59,0.7376271186440677,13,-14,7,1.7376271186440677,1
73.36860346794128,46,57,0.7376271186440677,14,-15,7,1.7376271186440677,1
73.4217209815979,47,56,0.7376271186440677,12,-18,7,1.7376271186440677,1
73.48003935813904,48,55,0.7376271186440677,13,-16,7,1.7376271186440677,1
73.53373408317566,48,53,0.7985964912280701,12,-14,11,1.79859649122807,1
73.6162850856781,49,51,0.7086666666666666,13,-13,2,1.7086666666666666,1
73.67030882835388,49,51,0.7376271186440677,12,-17,8,1.7376271186440677,1
73.72338962554932,49,50,0.7086666666666666,12,-15,5,1.7086666666666666,1
73.7836344242096,49,50,0.7086666666666666,12,-17,7,1.7086666666666666,1
73.88022089004517,49,48,1.5004878048780488,12,-12,25,2.500487804878049,1
73.9337956905365,49,47,1.5004878048780488,12,-15,15,2.500487804878049,1
73.98663067817688,49,46,1.5004878048780488,12,-13,15,2.500487804878049,1
74.04143452644348,49,46,1.5004878048780488,12,-16,15,2.500487804878049,1
74.17573952674866,48,45,1.440952380952381,10,-13,11,2.440952380952381,1
74.23406648635864,46,45,1.440952380952381,10,-15,14,2.440952380952381,1
74.29575109481812,44,44,1.440952380952381,8,-13,14,2.440952380952381,1
74.35578155517578,41,45,1.440952380952381,6,-17,14,2.440952380952381,1
74.44963049888611,37,45,1.440952380952381,3,-15,14,2.440952380952381,1
74.50073027610779,31,45,1.440952380952381,2,-15,14,2.440952380952381,1
74.55137062072754,26,46,1.440952380952381,-1,-18,14,2.440952380952381,1
74.60449743270874,20,46,1.5004878048780488,-4,-16,18,2.500487804878049,1
74.68711543083191,15,47,1.5629999999999997,-3,-18,19,2.5629999999999997,1
74.73871278762817,12,48,1.5629999999999997,0,-18,15,2.5629999999999997,1
74.79212856292725,10,48,1.5629999999999997,0,-16,15,2.5629999999999997,1
74.84483313560486,8,49,1.5629999999999997,0,-19,15,2.5629999999999997,1
74.93192172050476,6,49,1.5004878048780488,-1,-17,11,2.500487804878049,1
74.98404264450073,5,50,1.440952380952381,0,-18,12,2.440952380952381,1
75.03680634498596,4,51,1.440952380952381,0,-20,14,2.440952380952381,1
75.09025764465332,3,51,1.440952380952381,0,-17,14,2.440952380952381,1
75.1683623790741,2,51,1.5629999999999997,0,-17,22,2.5629999999999997,1
75.22112607955933,1,51,1.5004878048780488,0,-17,12,2.500487804878049,1
75.27392220497131,0,50,1.440952380952381,-1,-15,11,2.440952380952381,1
75.32793307304382,-1,50,1.440952380952381,-1,-17,14,2.440952380952381,1
75.40955471992493,-2,48,1.440952380952381,-1,-12,14,2.440952380952381,1
75.46156191825867,-3,46,1.440952380952381,-1,-13,14,2.440952380952381,1
75.5149917602539,-4,45,1.440952380952381,-2,-13,14,2.440952380952381,1
75.5657799243927,-5,43,1.440952380952381,-2,-10,14,2.440952380952381,1
75.65484356880188,-6,40,1.384186046511628,-3,-7,10,2.384186046511628,1
75.70711922645569,-7,37,1.384186046511628,-2,-8,13,2.384186046511628,1
75.7616126537323,-8,34,1.384186046511628,-3,-4,13,2.384186046511628,1
75.81511044502258,-10,31,1.384186046511628,-5,-4,13,2.384186046511628,1
75.89551520347595,-11,29,1.440952380952381,-4,-5,17,2.440952380952381,1
75.94773077964783,-13,26,1.5004878048780488,-5,-4,17,2.500487804878049,1
76.00015425682068,-15,24,1.5629999999999997,-6,-3,19,2.5629999999999997,1
76.05433583259583,-16,22,1.5004878048780488,-5,-3,11,2.500487804878049,1
76.15048265457153,-18,19,1.6287179487179486,-7,0,23,2.6287179487179486,1
76.20232033729553,-19,17,1.5629999999999997,-5,-3,13,2.5629999999999997,1
76.25585722923279,-21,16,1.6287179487179486,-8,-3,20,2.6287179487179486,1
76.31199526786804,-22,15,1.5629999999999997,-6,-3,11,2.5629999999999997,1
76.40637803077698,-23,15,1.5629999999999997,-7,-5,15,2.5629999999999997,1
76.4575035572052,-24,15,1.5629999999999997,-6,-5,15,2.5629999999999997,1
76.51302361488342,-25,15,1.5629999999999997,-7,-5,15,2.5629999999999997,1
76.56664824485779,-25,15,1.5629999999999997,-6,-5,15,2.5629999999999997,1
76.65109825134277,-29,14,1.5629999999999997,-13,-2,15,2.5629999999999997,1
76.70862650871277,-31,14,1.5629999999999997,-9,-4,15,2.5629999999999997,1
76.76477599143982,-35,14,1.5629999999999997,-14,-4,15,2.5629999999999997,1
76.81511688232422,-37,15,1.6287179487179486,-12,-7,19,2.6287179487179486,1
76.89997291564941,-40,14,1.6287179487179486,-14,-2,16,2.6287179487179486,1
76.95265507698059,-43,14,1.6287179487179486,-13,-4,16,2.6287179487179486,1
77.00573682785034,-46,14,1.6287179487179486,-16,-4,16,2.6287179487179486,1
77.05772423744202,-48,14,1.5629999999999997,-15,-4,11,2.5629999999999997,1
77.14129519462585,-50,14,1.5629999999999997,-15,-4,15,2.5629999999999997,1
77.19442677497864,-53,14,1.6287179487179486,-16,-4,18,2.6287179487179486,1
77.24802303314209,-55,13,1.6287179487179486,-16,-2,16,2.6287179487179486,1
77.3002998828888,-57,12,1.6287179487179486,-17,-1,16,2.6287179487179486,1
77.39670848846436,-60,11,1.6287179487179486,-19,-1,16,2.6287179487179486,1
77.44832181930542,-61,10,1.6287179487179486,-16,-2,16,2.6287179487179486,1
77.50112891197205,-62,9,1.6978947368421053,-17,0,20,2.6978947368421053,1
77.55545210838318,-63,8,1.6287179487179486,-17,0,12,2.6287179487179486,1
77.63654565811157,-62,8,1.6287179487179486,-14,-2,16,2.6287179487179486,1
77.69177222251892,-62,8,1.6978947368421053,-15,-2,19,2.6978947368421053,1
77.74687623977661,-61,8,1.6978947368421053,-13,-2,16,2.6978947368421053,1
77.79868221282959,-61,8,1.6978947368421053,-15,-2,16,2.6978947368421053,1
77.88320636749268,-60,9,1.6287179487179486,-13,-5,12,2.6287179487179486,1
77.93769192695618,-60,9,1.6978947368421053,-15,-3,19,2.6978947368421053,1
77.99353051185608,-59,9,1.6978947368421053,-13,-3,16,2.6978947368421053,1
78.04544496536255,-58,9,1.7708108108108105,-13,-3,21,2.7708108108108105,1
78.12686944007874,-56,9,1.7708108108108105,-10,-3,17,2.7708108108108105,1
78.18164944648743,-55,9,1.7708108108108105,-12,-3,17,2.7708108108108105,1
78.23690700531006,-55,8,1.7708108108108105,-13,0,17,2.7708108108108105,1
78.29227709770203,-55,8,1.8477777777777775,-13,-2,22,2.8477777777777775,1
78.37356281280518,-55,8,1.8477777777777775,-13,-2,18,2.8477777777777775,1
78.43276786804199,-55,7,1.8477777777777775,-13,-1,18,2.8477777777777775,1
78.48561668395996,-55,7,1.8477777777777775,-13,-2,18,2.8477777777777775,1
78.5412220954895,-55,7,1.8477777777777775,-13,-2,18,2.8477777777777775,1
78.63529634475708,-56,6,1.8477777777777775,-15,0,18,2.8477777777777775,1
78.69092869758606,-56,6,1.8477777777777775,-14,-2,18,2.8477777777777775,1
78.74476432800293,-54,6,1.8477777777777775,-10,-2,18,2.8477777777777775,1
78.79791688919067,-52,5,1.8477777777777775,-10,0,18,2.8477777777777775,1
78.87643313407898,-50,5,1.8477777777777775,-9,-1,18,2.8477777777777775,1
78.93441200256348,-49,4,1.8477777777777775,-11,0,18,2.8477777777777775,1
78.98593354225159,-47,4,1.8477777777777775,-8,-1,18,2.8477777777777775,1
79.04151678085327,-46,4,1.7708108108108105,-9,-1,13,2.7708108108108105,1
79.13242030143738,-45,3,1.7708108108108105,-9,1,17,2.7708108108108105,1
79.1880898475647,-44,3,1.7708108108108105,-10,-1,17,2.7708108108108105,1
79.24408459663391,-43,3,1.6978947368421053,-9,-1,13,2.6978947368421053,1
79.29583978652954,-42,3,1.6978947368421053,-9,-1,16,2.6978947368421053,1
79.38079929351807,-42,3,1.6978947368421053,-10,-1,16,2.6978947368421053,1
79.43336176872253,-41,3,1.6978947368421053,-9,-1,16,2.6978947368421053,1
79.48742198944092,-41,3,1.6978947368421053,-10,-1,16,2.6978947368421053,1
79.5390989780426,-40,3,1.6978947368421053,-8,-1,16,2.6978947368421053,1
79.62246513366699,-39,3,1.6978947368421053,-8,-1,16,2.6978947368421053,1
79.67531561851501,-37,3,1.6978947368421053,-7,-1,16,2.6978947368421053,1
79.72738647460938,-33,3,1.6978947368421053,-2,-1,16,2.6978947368421053,1
79.77949738502502,-30,3,1.6978947368421053,-2,-1,16,2.6978947368421053,1
79.85702395439148,-26,3,1.6978947368421053,0,-1,16,2.6978947368421053,1
79.91024208068848,-21,3,1.6978947368421053,0,-1,16,2.6978947368421053,1
79.9649965763092,-18,2,1.6978947368421053,0,1,16,2.6978947368421053,1
80.02190923690796,-14,2,1.6978947368421053,2,0,16,2.6978947368421053,1
80.10168886184692,-11,1,1.6978947368421053,1,1,16,2.6978947368421053,1
80.15311932563782,-9,0,1.6978947368421053,0,1,16,2.6978947368421053,1
80.20832633972168,-8,-1,1.6978947368421053,0,2,16,2.6978947368421053,1
80.2619457244873,-5,-2,1.6978947368421053,3,2,16,2.6978947368421053,1
80.37072968482971,-3,-3,1.6978947368421053,2,3,16,2.6978947368421053,1
80.42226338386536,1,-4,1.7708108108108105,3,2,19,2.7708108108108105,1
80.47619080543518,5,-6,1.7708108108108105,7,6,17,2.7708108108108105,1
80.53067946434021,9,-8,1.7708108108108105,8,7,17,2.7708108108108105,1
80.6310977935791,15,-9,1.6978947368421053,12,5,12,2.6978947368421053,1
80.68546080589294,20,-11,1.6978947368421053,8,6,16,2.6978947368421053,1
80.74060821533203,23,-12,1.6978947368421053,10,6,16,2.6978947368421053,1
80.7943811416626,26,-13,1.6978947368421053,10,6,16,2.6978947368421053,1
80.91317844390869,27,-13,1.6978947368421053,8,4,16,2.6978947368421053,1
80.96389532089233,39,-15,1.6978947368421053,17,7,16,2.6978947368421053,1
81.01768946647644,49,-16,1.6978947368421053,27,7,16,2.6978947368421053,1
81.0701858997345,57,-17,1.6978947368421053,26,8,16,2.6978947368421053,1
81.15562677383423,63,-18,1.6978947368421053,24,8,16,2.6978947368421053,1
81.21441555023193,64,-20,1.6978947368421053,16,9,16,2.6978947368421053,1
81.26584649085999,63,-22,1.6978947368421053,14,11,16,2.6978947368421053,1
81.3181300163269,62,-23,1.6978947368421053,13,10,16,2.6978947368421053,1
81.39989399909973,60,-24,1.6978947368421053,11,10,16,2.6978947368421053,1
81.45756959915161,59,-24,1.6978947368421053,13,8,16,2.6978947368421053,1
81.5112042427063,50,-25,1.6978947368421053,0,10,16,2.6978947368421053,1
81.5624258518219,39,-26,1.6978947368421053,-6,11,16,2.6978947368421053,1
81.6437656879425,30,-26,1.6287179487179486,-6,9,12,2.6287179487179486,1
81.69908118247986,22,-26,1.6287179487179486,-2,9,16,2.6287179487179486,1
81.7517819404602,15,-26,1.6287179487179486,-6,9,16,2.6287179487179486,1
81.8080062866211,-1,-26,1.6287179487179486,-24,9,16,2.6287179487179486,1
81.88984799385071,-22,-26,1.6287179487179486,-35,9,16,2.6287179487179486,1
81.94196248054504,-39,-25,1.6978947368421053,-26,7,19,2.6978947368421053,1
81.99525117874146,-53,-25,1.6978947368421053,-34,8,16,2.6978947368421053,1
82.04751324653625,-64,-24,1.6978947368421053,-32,6,16,2.6978947368421053,1
82.15946507453918,-81,-23,1.6978947368421053,-40,5,16,2.6978947368421053,1
82.21685242652893,-103,-22,1.6978947368421053,-40,6,16,2.6978947368421053,1
82.27287697792053,-123,-21,1.6978947368421053,-40,5,16,2.6978947368421053,1
82.32453894615173,-140,-21,1.6978947368421053,-40,7,16,2.6978947368421053,1
82.42909836769104,-154,-20,1.6978947368421053,-40,4,16,2.6978947368421053,1
82.48313617706299,-167,-20,1.6978947368421053,-40,7,16,2.6978947368421053,1
82.53835797309875,-177,-20,1.6978947368421053,-40,7,16,2.6978947368421053,1
82.59240651130676,-185,-20,1.6978947368421053,-40,7,16,2.6978947368421053,1
82.68873500823975,-189,-21,1.6978947368421053,-40,9,16,2.6978947368421053,1
82.74053430557251,-191,-21,1.6978947368421053,-40,7,16,2.6978947368421053,1
82.79485964775085,-190,-22,1.6978947368421053,-40,10,16,2.6978947368421053,1
82.84813022613525,-188,-22,1.6978947368421053,-40,7,16,2.6978947368421053,1
82.93242621421814,-185,-23,1.6978947368421053,-40,10,16,2.6978947368421053,1
82.9845244884491,-180,-24,1.6978947368421053,-40,9,16,2.6978947368421053,1
83.03986310958862,-176,-25,1.6978947368421053,-37,11,16,2.6978947368421053,1
83.09832239151001,-171,-26,1.6978947368421053,-35,11,16,2.6978947368421053,1
83.19237637519836,-166,-27,1.6978947368421053,-34,11,16,2.6978947368421053,1
83.24359846115112,-161,-27,1.6978947368421053,-35,9,16,2.6978947368421053,1
83.29650592803955,-157,-28,1.6978947368421053,-33,12,16,2.6978947368421053,1
83.34962058067322,-153,-28,1.7708108108108105,-32,9,21,2.7708108108108105,1
83.43755340576172,-149,-28,1.6978947368421053,-31,9,12,2.6978947368421053,1
83.48855018615723,-144,-28,1.6978947368421053,-31,9,16,2.6978947368421053,1
83.54183173179626,-139,-28,1.6978947368421053,-26,9,16,2.6978947368421053,1
83.5940670967102,-134,-27,1.6978947368421053,-26,7,16,2.6978947368421053,1
83.69194173812866,-128,-27,1.6978947368421053,-22,9,16,2.6978947368421053,1
83.74302268028259,-120,-26,1.6978947368421053,-23,7,16,2.6978947368421053,1
83.79356741905212,-112,-26,1.6978947368421053,-15,9,16,2.6978947368421053,1
83.84680247306824,-105,-26,1.7708108108108105,-15,9,22,2.7708108108108105,1
83.95270943641663,-99,-26,1.7708108108108105,-15,9,17,2.7708108108108105,1
84.0064549446106,-90,-26,1.7708108108108105,-15,9,17,2.7708108108108105,1
84.06196451187134,-82,-26,1.7708108108108105,-9,9,17,2.7708108108108105,1
84.11657667160034,-74,-26,1.7708108108108105,-6,9,17,2.7708108108108105,1
84.19617295265198,-67,-26,1.7708108108108105,-6,9,17,2.7708108108108105,1
84.25077056884766,-60,-25,1.6978947368421053,-7,7,14,2.6978947368421053,1
84.30595421791077,-55,-25,1.6978947368421053,-6,8,16,2.6978947368421053,1
84.36093473434448,-52,-24,1.6978947368421053,-8,6,16,2.6978947368421053,1
84.44555854797363,-47,-24,1.7708108108108105,-4,8,21,2.7708108108108105,1
84.49959802627563,-44,-23,1.7708108108108105,-8,6,17,2.7708108108108105,1
84.55493450164795,-41,-22,1.7708108108108105,-5,5,17,2.7708108108108105,1
84.60683679580688,-38,-21,1.7708108108108105,-5,5,17,2.7708108108108105,1
84.68758416175842,-36,-20,1.7708108108108105,-5,4,17,2.7708108108108105,1
84.73963713645935,-35,-20,1.7708108108108105,-7,7,17,2.7708108108108105,1
84.79185009002686,-35,-19,1.7708108108108105,-8,4,17,2.7708108108108105,1
84.85052752494812,-35,-19,1.7708108108108105,-8,6,17,2.7708108108108105,1
84.96545338630676,-35,-17,1.6978947368421053,-8,1,13,2.6978947368421053,1
85.01952457427979,-34,-15,1.6978947368421053,-7,3,16,2.6978947368421053,1
85.07343673706055,-34,-14,1.6978947368421053,-8,2,16,2.6978947368421053,1
85.12485361099243,-34,-12,1.6978947368421053,-8,0,16,2.6978947368421053,1
85.20483684539795,-34,-10,1.6978947368421053,-8,-1,16,2.6978947368421053,1
85.25649094581604,-35,-8,1.6978947368421053,-9,0,16,2.6978947368421053,1
85.31008720397949,-35,-7,1.6978947368421053,-8,0,16,2.6978947368421053,1
85.3653199672699,-35,-6,1.6978947368421053,-8,0,16,2.6978947368421053,1
85.45487189292908,-36,-5,1.6978947368421053,-10,0,16,2.6978947368421053,1
85.50702953338623,-36,-4,1.6978947368421053,-9,0,16,2.6978947368421053,1
85.56104350090027,-36,-3,1.6978947368421053,-9,-1,16,2.6978947368421053,1
85.61339855194092,-36,-2,1.6978947368421053,-9,-1,16,2.6978947368421053,1
85.69298982620239,-36,-1,1.6978947368421053,-9,-1,16,2.6978947368421053,1
85.74417328834534,-36,1,1.6978947368421053,-9,-3,16,2.6978947368421053,1
85.79711890220642,-36,2,1.6978947368421053,-9,-3,16,2.6978947368421053,1
85.85121321678162,-36,3,1.6978947368421053,-9,-3,16,2.6978947368421053,1
85.93538856506348,-36,4,1.6978947368421053,-9,-3,16,2.6978947368421053,1
85.98890614509583,-35,4,1.6287179487179486,-7,-1,13,2.6287179487179486,1
86.04087018966675,-34,5,1.6287179487179486,-7,-3,16,2.6287179487179486,1
86.09064865112305,-33,6,1.5629999999999997,-6,-4,11,2.5629999999999997,1
86.1764497756958,-32,7,1.5629999999999997,-6,-4,15,2.5629999999999997,1
86.22839093208313,-32,9,1.5629999999999997,-8,-5,15,2.5629999999999997,1
86.28554391860962,-31,10,1.5629999999999997,-6,-5,15,2.5629999999999997,1
86.33794713020325,-31,12,1.5629999999999997,-7,-8,15,2.5629999999999997,1
86.42309379577637,-32,13,1.5629999999999997,-9,-6,15,2.5629999999999997,1
86.47493815422058,-32,14,1.5629999999999997,-8,-6,15,2.5629999999999997,1
86.52612137794495,-33,15,1.5629999999999997,-9,-7,15,2.5629999999999997,1
86.57971215248108,-34,15,1.5629999999999997,-10,-5,15,2.5629999999999997,1
86.6784245967865,-34,16,1.5629999999999997,-8,-7,15,2.5629999999999997,1
86.7319118976593,-36,18,1.5629999999999997,-10,-8,15,2.5629999999999997,1
86.78787064552307,-38,20,1.5629999999999997,-12,-11,15,2.5629999999999997,1
86.84023308753967,-40,21,1.5629999999999997,-12,-9,15,2.5629999999999997,1
86.94291663169861,-42,22,1.5629999999999997,-13,-9,15,2.5629999999999997,1
86.9967896938324,-44,25,1.5629999999999997,-12,-12,15,2.5629999999999997,1
87.05075240135193,-47,28,1.5004878048780488,-16,-16,11,2.500487804878049,1
87.10509490966797,-50,31,1.5004878048780488,-16,-17,15,2.500487804878049,1
87.18311548233032,-51,32,1.440952380952381,-14,-13,11,2.440952380952381,1
87.2363829612732,-52,34,1.440952380952381,-14,-14,14,2.440952380952381,1
87.29082775115967,-53,35,1.384186046511628,-14,-14,10,2.384186046511628,1
87.34678530693054,-58,37,1.33,-21,-17,10,2.33,1
87.44610786437988,-64,39,1.278222222222222,-24,-18,9,2.278222222222222,1
87.51033091545105,-70,40,1.278222222222222,-22,-15,12,2.278222222222222,1
87.57074046134949,-74,41,1.278222222222222,-23,-16,12,2.278222222222222,1
87.62817788124084,-80,42,1.278222222222222,-27,-16,12,2.278222222222222,1
87.729727268219,-94,44,1.278222222222222,-40,-19,12,2.278222222222222,1
87.78393054008484,-109,46,1.278222222222222,-39,-18,12,2.278222222222222,1
87.83795166015625,-124,48,1.2286956521739127,-40,-21,9,2.2286956521739127,1
87.89417815208435,-137,49,1.1812765957446807,-40,-19,9,2.1812765957446807,1
87.98920392990112,-149,50,1.1358333333333333,-40,-19,8,2.1358333333333333,1
88.04085063934326,-158,51,1.1358333333333333,-40,-19,11,2.1358333333333333,1
88.09435200691223,-164,51,1.1358333333333333,-40,-17,11,2.1358333333333333,1
88.1460509300232,-169,51,1.1358333333333333,-40,-17,11,2.1358333333333333,1
88.2519302368164,-171,50,1.1358333333333333,-40,-15,11,2.1358333333333333,1
88.30603742599487,-172,50,1.1358333333333333,-40,-17,11,2.1358333333333333,1
88.35917282104492,-172,49,1.1358333333333333,-40,-14,11,2.1358333333333333,1
88.41370177268982,-172,48,1.1358333333333333,-40,-14,11,2.1358333333333333,1
88.5079882144928,-171,48,1.1358333333333333,-40,-16,11,2.1358333333333333,1
88.56178736686707,-168,46,1.1358333333333333,-39,-13,11,2.1358333333333333,1
88.61442947387695,-165,43,1.1358333333333333,-36,-8,11,2.1358333333333333,1
88.66908288002014,-163,40,1.1358333333333333,-37,-7,11,2.1358333333333333,1
88.74909114837646,-161,38,1.1358333333333333,-37,-8,11,2.1358333333333333,1
88.79955291748047,-159,36,1.1358333333333333,-37,-9,11,2.1358333333333333,1
88.8559889793396,-157,34,1.1358333333333333,-36,-7,11,2.1358333333333333,1
88.9102532863617,-155,32,1.0922448979591834,-35,-7,8,2.0922448979591834,1
89.01684498786926,-153,28,1.384186046511628,-35,0,25,2.384186046511628,1
89.07068347930908,-153,25,1.33,-38,-5,11,2.33,1
89.12209606170654,-152,22,1.33,-36,0,13,2.33,1
89.17719745635986,-150,18,1.278222222222222,-34,2,9,2.278222222222222,1
89.28125882148743,-152,15,1.33,-40,1,16,2.33,1
89.33359336853027,-157,13,1.33,-40,-2,13,2.33,1
89.38606238365173,-162,11,1.33,-40,0,13,2.33,1
89.44044613838196,-168,10,1.384186046511628,-40,-1,16,2.384186046511628,1
89.53576827049255,-173,10,1.384186046511628,-40,-3,13,2.384186046511628,1
89.58871722221375,-179,9,1.440952380952381,-40,-1,16,2.440952380952381,1
89.64253735542297,-185,9,1.5004878048780488,-40,-3,18,2.500487804878049,1
89.69571876525879,-191,9,1.5004878048780488,-40,-3,15,2.500487804878049,1
89.81342768669128,-196,10,1.440952380952381,-40,-5,11,2.440952380952381,1
89.86566472053528,-202,10,1.5629999999999997,-40,-3,18,2.5629999999999997,1
89.91878771781921,-206,10,1.5004878048780488,-40,-3,11,2.500487804878049,1
89.97231698036194,-210,10,1.6287179487179486,-40,-3,23,2.6287179487179486,1
90.07447838783264,-213,10,1.5004878048780488,-40,-3,7,2.500487804878049,1
90.12701892852783,-215,9,1.5004878048780488,-40,-1,15,2.500487804878049,1
90.182612657547,-217,8,1.5004878048780488,-40,0,15,2.500487804878049,1
90.23498225212097,-218,7,1.5629999999999997,-40,0,18,2.5629999999999997,1
90.33720803260803,-218,6,1.5004878048780488,-40,0,11,2.500487804878049,1
90.39278244972229,-218,5,1.5004878048780488,-40,0,15,2.500487804878049,1
90.44761967658997,-218,3,1.5004878048780488,-40,3,15,2.500487804878049,1
90.49994158744812,-217,2,1.5004878048780488,-40,1,15,2.500487804878049,1
90.59974575042725,-217,1,1.5629999999999997,-40,1,19,2.5629999999999997,1
90.65306234359741,-216,0,1.5004878048780488,-40,1,13,2.500487804878049,1
90.70921540260315,-215,-1,1.5004878048780488,-40,2,15,2.500487804878049,1
90.76782417297363,-213,-4,1.5004878048780488,-40,7,15,2.500487804878049,1
90.87032794952393,-212,-7,1.440952380952381,-40,8,11,2.440952380952381,1
90.930748462677,-211,-9,1.5004878048780488,-40,5,16,2.500487804878049,1
90.99081039428711,-209,-11,1.440952380952381,-40,7,11,2.440952380952381,1
91.04860949516296,-208,-14,1.384186046511628,-40,10,10,2.384186046511628,1
91.14257192611694,-208,-17,1.384186046511628,-40,12,13,2.384186046511628,1
91.19850158691406,-207,-19,1.384186046511628,-40,9,13,2.384186046511628,1
91.25658655166626,-207,-21,1.384186046511628,-40,11,13,2.384186046511628,1
91.32549357414246,-206,-22,1.384186046511628,-40,9,13,2.384186046511628,1
91.41198420524597,-198,-26,1.33,-40,16,10,2.33,1
91.46863341331482,-192,-29,1.278222222222222,-40,14,10,2.278222222222222,1
91.52475452423096,-186,-31,1.33,-38,15,16,2.33,1
91.58055663108826,-182,-33,1.278222222222222,-39,15,9,2.278222222222222,1
91.67238974571228,-171,-36,1.384186046511628,-26,19,19,2.384186046511628,1
91.72349524497986,-154,-39,1.440952380952381,-23,17,16,2.440952380952381,1
91.7787652015686,-139,-42,1.384186046511628,-11,21,10,2.384186046511628,1
91.83297276496887,-124,-44,1.384186046511628,-9,19,13,2.384186046511628,1
91.94090700149536,-112,-46,1.440952380952381,-10,20,17,2.440952380952381,1
91.99575114250183,-101,-47,1.5629999999999997,-17,17,19,2.5629999999999997,1
92.05122065544128,-92,-48,1.6287179487179486,-9,18,19,2.6287179487179486,1
92.10585451126099,-87,-49,1.6287179487179486,-14,19,16,2.6287179487179486,1
92.21070194244385,-83,-49,1.6287179487179486,-14,17,16,2.6287179487179486,1
92.2678735256195,-82,-50,1.5629999999999997,-19,18,13,2.5629999999999997,1
92.32125234603882,-83,-50,1.5629999999999997,-22,17,15,2.5629999999999997,1
92.3756194114685,-83,-50,1.6287179487179486,-20,17,20,2.6287179487179486,1
92.47663950920105,-85,-50,1.6287179487179486,-24,17,16,2.6287179487179486,1
92.536936044693,-87,-49,1.6287179487179486,-23,15,16,2.6287179487179486,1
92.59481811523438,-91,-49,1.6287179487179486,-27,17,16,2.6287179487179486,1
92.65021085739136,-94,-49,1.6287179487179486,-27,17,16,2.6287179487179486,1
92.7418258190155,-98,-48,1.6287179487179486,-30,14,16,2.6287179487179486,1
92.79503846168518,-101,-48,1.6287179487179486,-27,16,16,2.6287179487179486,1
92.85362839698792,-104,-47,1.6287179487179486,-30,14,16,2.6287179487179486,1
92.9129114151001,-102,-47,1.6978947368421053,-22,16,20,2.6978947368421053,1
93.0169894695282,-100,-47,1.6978947368421053,-22,16,16,2.6978947368421053,1
93.07071304321289,-96,-47,1.7708108108108105,-20,16,19,2.7708108108108105,1
93.12789463996887,-93,-48,1.7708108108108105,-18,19,17,2.7708108108108105,1
93.1813371181488,-88,-48,1.7708108108108105,-15,16,17,2.7708108108108105,1
93.29662013053894,-84,-49,1.7708108108108105,-15,19,17,2.7708108108108105,1
93.35114526748657,-79,-49,1.7708108108108105,-16,17,17,2.7708108108108105,1
93.40559124946594,-75,-49,1.7708108108108105,-12,17,17,2.7708108108108105,1
93.46225714683533,-72,-50,1.7708108108108105,-13,19,17,2.7708108108108105,1
93.56088495254517,-70,-51,1.7708108108108105,-14,19,17,2.7708108108108105,1
93.6143753528595,-68,-51,1.7708108108108105,-15,17,17,2.7708108108108105,1
93.66899108886719,-67,-51,1.7708108108108105,-15,17,17,2.7708108108108105,1
93.7241199016571,-66,-53,1.7708108108108105,-15,22,17,2.7708108108108105,1
93.81643414497375,-67,-54,1.7708108108108105,-18,21,17,2.7708108108108105,1
93.86951780319214,-68,-55,1.8477777777777775,-17,20,20,2.8477777777777775,1
93.92404460906982,-69,-56,1.8477777777777775,-18,21,18,2.8477777777777775,1
93.9800431728363,-69,-56,1.7708108108108105,-17,19,13,2.7708108108108105,1
94.08158755302429,-69,-57,1.7708108108108105,-17,22,17,2.7708108108108105,1
94.13379836082458,-69,-58,1.7708108108108105,-17,21,17,2.7708108108108105,1
94.1853175163269,-69,-57,1.8477777777777775,-17,17,22,2.8477777777777775,1
94.24168944358826,-68,-56,1.8477777777777775,-15,17,18,2.8477777777777775,1
94.32282376289368,-67,-56,1.8477777777777775,-15,19,18,2.8477777777777775,1
94.3778133392334,-66,-55,1.8477777777777775,-15,17,18,2.8477777777777775,1
94.43345761299133,-63,-55,1.7708108108108105,-11,19,13,2.7708108108108105,1
94.48641753196716,-61,-55,1.7708108108108105,-12,19,17,2.7708108108108105,1
94.57311701774597,-60,-55,1.7708108108108105,-13,19,17,2.7708108108108105,1
94.6279923915863,-56,-55,1.7708108108108105,-10,19,17,2.7708108108108105,1
94.68344640731812,-53,-55,1.7708108108108105,-8,19,17,2.7708108108108105,1
94.73558497428894,-49,-54,1.7708108108108105,-6,16,17,2.7708108108108105,1
94.81540203094482,-46,-54,1.7708108108108105,-6,18,17,2.7708108108108105,1
94.86983799934387,-44,-54,1.7708108108108105,-9,18,17,2.7708108108108105,1
94.92529463768005,-42,-54,1.7708108108108105,-7,18,17,2.7708108108108105,1
94.98392462730408,-41,-54,1.7708108108108105,-8,18,17,2.7708108108108105,1
95.06646609306335,-37,-53,1.8477777777777775,-3,16,22,2.8477777777777775,1
95.1182005405426,-34,-53,1.8477777777777775,-5,18,18,2.8477777777777775,1
95.17452716827393,-32,-53,1.8477777777777775,-4,18,18,2.8477777777777775,1
95.22871088981628,-30,-52,1.8477777777777775,-4,16,18,2.8477777777777775,1
95.34638929367065,-29,-52,1.8477777777777775,-5,18,18,2.8477777777777775,1
95.39982008934021,-22,-53,1.9291428571428568,0,19,21,2.929142857142857,1
95.4558618068695,-15,-53,1.9291428571428568,6,18,19,2.929142857142857,1
95.51304841041565,-10,-53,1.9291428571428568,4,18,19,2.929142857142857,1
95.61582922935486,-6,-54,1.9291428571428568,4,21,19,2.929142857142857,1
95.67349100112915,-1,-54,1.9291428571428568,3,18,19,2.929142857142857,1
95.72949957847595,3,-54,1.9291428571428568,6,18,19,2.929142857142857,1
95.78207993507385,6,-55,1.9291428571428568,5,21,19,2.929142857142857,1
95.88796734809875,9,-55,1.9291428571428568,6,19,19,2.929142857142857,1
95.94489336013794,10,-55,1.9291428571428568,3,19,19,2.929142857142857,1
95.99936890602112,10,-54,2.0152941176470587,2,16,24,3.0152941176470587,1
96.05313062667847,9,-54,2.0152941176470587,0,18,20,3.0152941176470587,1
96.1484797000885,8,-54,2.0152941176470587,0,18,20,3.0152941176470587,1
96.20289516448975,5,-54,2.0152941176470587,-1,18,20,3.0152941176470587,1
96.26065611839294,3,-53,2.0152941176470587,-2,16,20,3.0152941176470587,1
96.31426644325256,1,-52,2.0152941176470587,-2,16,20,3.0152941176470587,1
96.41731286048889,-1,-51,2.0152941176470587,-3,15,20,3.0152941176470587,1
96.4713671207428,-5,-50,2.0152941176470587,-4,16,20,3.0152941176470587,1
96.5287356376648,-8,-50,2.0152941176470587,-6,17,20,3.0152941176470587,1
96.58167290687561,-10,-50,2.0152941176470587,-5,17,20,3.0152941176470587,1
96.67527365684509,-13,-50,2.0152941176470587,-7,17,20,3.0152941176470587,1
96.72804427146912,-14,-50,2.0152941176470587,-4,17,20,3.0152941176470587,1
96.78263139724731,-16,-50,2.0152941176470587,-7,17,20,3.0152941176470587,1
96.84170627593994,-17,-50,2.0152941176470587,-5,17,20,3.0152941176470587,1
96.9431984424591,-21,-50,2.0152941176470587,-10,17,20,3.0152941176470587,1
96.99678826332092,-24,-50,2.0152941176470587,-8,17,20,3.0152941176470587,1
97.04938745498657,-27,-50,2.0152941176470587,-11,17,20,3.0152941176470587,1
97.10337662696838,-29,-50,2.0152941176470587,-10,17,20,3.0152941176470587,1
97.22699308395386,-30,-50,2.0152941176470587,-8,17,20,3.0152941176470587,1
97.28011631965637,-36,-50,2.0152941176470587,-12,17,20,3.0152941176470587,1
97.3328766822815,-43,-49,2.0152941176470587,-21,14,20,3.0152941176470587,1
97.38689708709717,-48,-49,2.0152941176470587,-19,17,20,3.0152941176470587,1
97.47206115722656,-54,-48,2.0152941176470587,-22,14,20,3.0152941176470587,1
97.52707433700562,-60,-47,2.0152941176470587,-20,15,20,3.0152941176470587,1
97.58222723007202,-65,-47,2.0152941176470587,-23,16,20,3.0152941176470587,1
97.63742184638977,-71,-46,2.1066666666666665,-26,13,25,3.1066666666666665,1
97.72033476829529,-75,-46,2.1066666666666665,-24,16,21,3.1066666666666665,1
97.77442049980164,-78,-45,2.1066666666666665,-22,14,21,3.1066666666666665,1
97.82840490341187,-80,-44,2.1066666666666665,-22,13,21,3.1066666666666665,1
97.8815975189209,-82,-43,2.1066666666666665,-23,12,21,3.1066666666666665,1
97.96240401268005,-82,-42,2.1066666666666665,-20,12,21,3.1066666666666665,1
98.01588129997253,-82,-41,2.1066666666666665,-20,12,21,3.1066666666666665,1
98.07514119148254,-81,-40,2.1066666666666665,-18,11,21,3.1066666666666665,1
98.12781310081482,-80,-40,2.1066666666666665,-18,14,21,3.1066666666666665,1
98.21213459968567,-79,-39,2.1066666666666665,-18,11,21,3.1066666666666665,1
98.26557660102844,-78,-39,2.1066666666666665,-18,13,21,3.1066666666666665,1
98.32158088684082,-77,-38,2.0152941176470587,-17,11,14,3.0152941176470587,1
98.37979531288147,-77,-38,2.0152941176470587,-19,13,20,3.0152941176470587,1
98.4675304889679,-78,-38,2.0152941176470587,-20,13,20,3.0152941176470587,1
98.52261567115784,-80,-39,2.0152941176470587,-21,15,20,3.0152941176470587,1
98.57770037651062,-82,-40,2.0152941176470587,-23,16,20,3.0152941176470587,1
98.63119196891785,-84,-40,2.0152941176470587,-23,14,20,3.0152941176470587,1
98.71885991096497,-87,-39,2.0152941176470587,-26,11,20,3.0152941176470587,1
98.77774405479431,-89,-39,2.0152941176470587,-24,13,20,3.0152941176470587,1
98.83103132247925,-90,-38,2.0152941176470587,-23,11,20,3.0152941176470587,1
98.88457942008972,-92,-38,2.0152941176470587,-26,13,20,3.0152941176470587,1
98.98387241363525,-92,-38,2.0152941176470587,-23,13,20,3.0152941176470587,1
99.04088759422302,-94,-36,2.0152941176470587,-25,10,20,3.0152941176470587,1
99.09679937362671,-95,-35,2.0152941176470587,-25,10,20,3.0152941176470587,1
99.15121078491211,-95,-35,2.0152941176470587,-23,12,20,3.0152941176470587,1
99.23037052154541,-95,-34,2.0152941176470587,-23,9,20,3.0152941176470587,1
99.2885730266571,-96,-34,2.0152941176470587,-25,11,20,3.0152941176470587,1
99.3428258895874,-95,-35,2.0152941176470587,-22,14,20,3.0152941176470587,1
99.39711403846741,-94,-36,2.0152941176470587,-22,14,20,3.0152941176470587,1
99.47553324699402,-94,-36,2.0152941176470587,-23,12,20,3.0152941176470587,1
99.52825403213501,-93,-37,2.0152941176470587,-22,14,20,3.0152941176470587,1
99.58227705955505,-93,-37,2.0152941176470587,-23,12,20,3.0152941176470587,1
99.64266562461853,-90,-36,2.0152941176470587,-18,10,20,3.0152941176470587,1
99.72816276550293,-87,-36,2.0152941176470587,-17,12,20,3.0152941176470587,1
99.78179550170898,-84,-35,2.0152941176470587,-18,10,20,3.0152941176470587,1
99.84578275680542,-80,-34,2.0152941176470587,-14,9,20,3.0152941176470587,1
99.90243744850159,-76,-34,2.0152941176470587,-13,11,20,3.0152941176470587,1
99.9847137928009,-72,-33,2.0152941176470587,-12,9,20,3.0152941176470587,1
100.04132747650146,-69,-32,2.0152941176470587,-14,9,20,3.0152941176470587,1
100.09606432914734,-65,-32,2.0152941176470587,-10,11,20,3.0152941176470587,1
100.15177822113037,-63,-32,2.0152941176470587,-12,11,20,3.0152941176470587,1
100.2416820526123,-61,-32,2.0152941176470587,-12,11,20,3.0152941176470587,1
100.29306483268738,-59,-31,2.0152941176470587,-12,9,20,3.0152941176470587,1
100.34666681289673,-58,-30,2.0152941176470587,-12,8,20,3.0152941176470587,1
100.40009546279907,-58,-30,2.0152941176470587,-14,10,20,3.0152941176470587,1
100.48042273521423,-57,-29,2.0152941176470587,-12,7,20,3.0152941176470587,1
100.53563380241394,-57,-28,2.0152941176470587,-14,8,20,3.0152941176470587,1
100.59062266349792,-55,-27,2.0152941176470587,-10,7,20,3.0152941176470587,1
100.64418506622314,-54,-26,2.0152941176470587,-12,6,20,3.0152941176470587,1
100.72564673423767,-53,-25,2.0152941176470587,-11,6,20,3.0152941176470587,1
100.77794814109802,-53,-24,2.0152941176470587,-13,6,20,3.0152941176470587,1
100.83251142501831,-53,-23,2.0152941176470587,-13,5,20,3.0152941176470587,1
100.88815784454346,-50,-23,2.0152941176470587,-8,8,20,3.0152941176470587,1
100.99061179161072,-48,-22,2.0152941176470587,-9,5,20,3.0152941176470587,1
101.04432272911072,-46,-21,2.0152941176470587,-9,6,20,3.0152941176470587,1
101.097895860672,-44,-20,2.0152941176470587,-7,4,20,3.0152941176470587,1
101.15173196792603,-43,-18,2.0152941176470587,-9,1,20,3.0152941176470587,1
101.23415207862854,-41,-16,2.0152941176470587,-7,1,20,3.0152941176470587,1
101.2871561050415,-40,-14,2.0152941176470587,-9,1,20,3.0152941176470587,1
101.34132671356201,-38,-12,2.0152941176470587,-6,0,20,3.0152941176470587,1
101.39379477500916,-37,-10,2.0152941176470587,-7,0,20,3.0152941176470587,1
101.47908997535706,-37,-8,2.0152941176470587,-9,-1,20,3.0152941176470587,1
101.532381772995,-36,-7,2.0152941176470587,-8,1,20,3.0152941176470587,1
101.58678078651428,-35,-7,2.0152941176470587,-7,2,20,3.0152941176470587,1
101.64032864570618,-34,-8,1.9291428571428568,-7,5,14,2.929142857142857,1
101.72857975959778,-34,-8,1.9291428571428568,-8,2,19,2.929142857142857,1
101.7856593132019,-34,-10,1.8477777777777775,-8,6,15,2.8477777777777775,1
101.84558701515198,-33,-11,1.8477777777777775,-6,5,18,2.8477777777777775,1
101.90496826171875,-33,-12,1.7708108108108105,-8,6,13,2.7708108108108105,1
101.99501919746399,-33,-11,1.8477777777777775,-8,1,22,2.8477777777777775,1
102.05105137825012,-33,-9,1.7708108108108105,-8,0,15,2.7708108108108105,1
102.10851621627808,-33,-7,1.8477777777777775,-8,-1,22,2.8477777777777775,1
102.16120171546936,-32,-5,1.8477777777777775,-6,-2,18,2.8477777777777775,1
102.24359035491943,-32,-4,1.9291428571428568,-8,0,23,2.929142857142857,1
102.29552507400513,-32,-4,1.9291428571428568,-8,1,19,2.929142857142857,1
102.3535385131836,-32,-4,1.9291428571428568,-8,1,19,2.929142857142857,1
102.40722346305847,-32,-5,1.9291428571428568,-8,3,19,2.929142857142857,1
102.48819279670715,-32,-6,1.9291428571428568,-8,4,19,2.929142857142857,1
102.54070949554443,-33,-7,1.9291428571428568,-9,3,19,2.929142857142857,1
102.59334063529968,-33,-8,1.9291428571428568,-8,5,19,2.929142857142857,1
102.64600348472595,-33,-9,1.9291428571428568,-8,5,19,2.929142857142857,1
102.75214529037476,-33,-9,1.9291428571428568,-8,3,19,2.929142857142857,1
102.8046727180481,-33,-10,1.9291428571428568,-8,4,19,2.929142857142857,1
102.85835337638855,-33,-10,1.9291428571428568,-8,3,19,2.929142857142857,1
102.91281533241272,-33,-10,1.9291428571428568,-8,3,19,2.929142857142857,1
103.02872514724731,-33,-11,1.9291428571428568,-8,6,19,2.929142857142857,1
103.0830466747284,-33,-10,1.9291428571428568,-8,2,19,2.929142857142857,1
103.13906717300415,-33,-9,1.9291428571428568,-8,0,19,2.929142857142857,1
103.19223642349243,-33,-8,1.9291428571428568,-8,0,19,2.929142857142857,1
103.28967690467834,-34,-8,1.9291428571428568,-10,2,19,2.929142857142857,1
103.34517073631287,-33,-8,1.9291428571428568,-7,2,19,2.929142857142857,1
103.40060496330261,-33,-8,1.9291428571428568,-8,2,19,2.929142857142857,1
103.45147609710693,-32,-9,1.9291428571428568,-6,5,19,2.929142857142857,1
103.56649112701416,-32,-9,1.9291428571428568,-8,3,19,2.929142857142857,1
103.62068295478821,-31,-8,1.8477777777777775,-7,1,16,2.8477777777777775,1
103.67549562454224,-31,-6,1.8477777777777775,-7,-2,18,2.8477777777777775,1
103.7312080860138,-30,-5,1.7708108108108105,-6,0,13,2.7708108108108105,1
103.82068610191345,-29,-4,1.7708108108108105,-5,0,17,2.7708108108108105,1
103.87535762786865,-28,-4,1.7708108108108105,-6,1,17,2.7708108108108105,1
103.93166971206665,-27,-3,1.7708108108108105,-5,-1,17,2.7708108108108105,1
103.99560356140137,-26,-3,1.7708108108108105,-5,1,17,2.7708108108108105,1
104.07998299598694,-26,-3,1.7708108108108105,-6,1,17,2.7708108108108105,1
104.13422322273254,-25,-2,1.7708108108108105,-5,0,17,2.7708108108108105,1
104.18964266777039,-24,-1,1.7708108108108105,-4,-1,17,2.7708108108108105,1
104.24115371704102,-24,-1,1.7708108108108105,-6,0,17,2.7708108108108105,1
104.33779287338257,-24,-1,1.7708108108108105,-6,0,17,2.7708108108108105,1
104.38998818397522,-23,-1,1.7708108108108105,-4,0,17,2.7708108108108105,1
104.44315028190613,-23,0,1.7708108108108105,-5,-2,17,2.7708108108108105,1
104.50001192092896,-23,0,1.7708108108108105,-5,0,17,2.7708108108108105,1
104.60728144645691,-23,-1,1.7708108108108105,-5,2,17,2.7708108108108105,1
104.65883731842041,-23,0,1.6978947368421053,-5,-1,14,2.6978947368421053,1
104.71440649032593,-24,0,1.6978947368421053,-7,0,16,2.6978947368421053,1
104.7721757888794,-24,0,1.6978947368421053,-6,0,16,2.6978947368421053,1
104.87054681777954,-24,1,1.6978947368421053,-6,-2,16,2.6978947368421053,1
104.92349910736084,-24,3,1.6287179487179486,-6,-3,14,2.6287179487179486,1
104.97565150260925,-24,4,1.6287179487179486,-6,-3,16,2.6287179487179486,1
105.02996563911438,-24,5,1.6287179487179486,-6,-4,16,2.6287179487179486,1
105.11119103431702,-24,5,1.6978947368421053,-6,-1,20,2.6978947368421053,1
105.16626787185669,-23,7,1.6287179487179486,-4,-5,13,2.6287179487179486,1
105.22223424911499,-21,8,1.5629999999999997,-2,-4,12,2.5629999999999997,1
105.2757031917572,-20,9,1.5629999999999997,-3,-5,15,2.5629999999999997,1
105.37687587738037,-18,11,1.5629999999999997,-1,-8,15,2.5629999999999997,1
105.42992520332336,-17,13,1.6978947368421053,-3,-6,20,2.6978947368421053,1
105.48574876785278,-16,16,1.5629999999999997,-2,-12,8,2.5629999999999997,1
105.53923082351685,-15,18,1.6287179487179486,-2,-10,19,2.6287179487179486,1
105.64180898666382,-14,20,1.5629999999999997,-2,-11,11,2.5629999999999997,1
105.69905138015747,-14,22,1.5004878048780488,-3,-10,13,2.500487804878049,1
105.7555091381073,-13,24,1.5004878048780488,-1,-12,15,2.500487804878049,1
105.80745673179626,-13,26,1.440952380952381,-3,-13,11,2.440952380952381,1
105.90484952926636,-13,27,1.440952380952381,-3,-11,14,2.440952380952381,1
105.95863032341003,-12,28,1.384186046511628,-2,-11,12,2.384186046511628,1
106.01407504081726,-12,29,1.440952380952381,-3,-12,17,2.440952380952381,1
106.06820702552795,-12,29,1.440952380952381,-3,-10,14,2.440952380952381,1
106.18242931365967,-12,29,1.384186046511628,-3,-10,10,2.384186046511628,1
106.24646329879761,-12,29,1.440952380952381,-3,-10,15,2.440952380952381,1
106.3033401966095,-12,29,1.440952380952381,-3,-10,14,2.440952380952381,1
106.3693311214447,-13,29,1.33,-4,-10,7,2.33,1
106.47041463851929,-13,29,1.384186046511628,-3,-10,16,2.384186046511628,1
106.52211451530457,-13,29,1.384186046511628,-3,-10,13,2.384186046511628,1
106.57496929168701,-14,29,1.384186046511628,-5,-10,13,2.384186046511628,1
106.63094687461853,-14,29,1.5004878048780488,-3,-10,21,2.500487804878049,1
106.7358169555664,-14,30,1.384186046511628,-3,-12,7,2.384186046511628,1
106.78848147392273,-14,30,1.384186046511628,-3,-10,13,2.384186046511628,1
106.84058570861816,-14,31,1.33,-3,-13,10,2.33,1
106.89460229873657,-15,31,1.384186046511628,-5,-10,16,2.384186046511628,1
106.99843692779541,-15,32,1.440952380952381,-3,-13,17,2.440952380952381,1
107.05163621902466,-15,34,1.5629999999999997,-3,-14,19,2.5629999999999997,1
107.10594391822815,-16,36,1.384186046511628,-5,-17,3,2.384186046511628,1
107.16039991378784,-16,37,1.384186046511628,-4,-15,13,2.384186046511628,1
107.26073288917542,-17,38,1.278222222222222,-5,-15,6,2.278222222222222,1
107.3160650730133,-17,40,1.278222222222222,-4,-16,12,2.278222222222222,1
107.36935186386108,-17,43,1.2286956521739127,-4,-21,9,2.2286956521739127,1
107.42120790481567,-17,45,1.2286956521739127,-4,-20,12,2.2286956521739127,1
107.51604580879211,-18,46,1.2286956521739127,-6,-18,12,2.2286956521739127,1
107.5722827911377,-18,47,1.2286956521739127,-4,-17,12,2.2286956521739127,1
107.62532114982605,-18,49,1.1812765957446807,-4,-21,9,2.1812765957446807,1
107.68352055549622,-18,50,1.1358333333333333,-4,-19,8,2.1358333333333333,1
107.76628375053406,-18,51,1.1812765957446807,-4,-19,14,2.1812765957446807,1
107.82079076766968,-19,52,1.1812765957446807,-5,-19,11,2.1812765957446807,1
107.87652564048767,-19,53,1.1358333333333333,-4,-20,8,2.1358333333333333,1
107.93278646469116,-19,53,1.1358333333333333,-4,-18,11,2.1358333333333333,1
108.0222840309143,-19,54,1.1358333333333333,-4,-21,11,2.1358333333333333,1
108.07532906532288,-20,54,1.1812765957446807,-5,-18,13,2.1812765957446807,1
108.13119196891785,-20,54,1.0922448979591834,-5,-18,5,2.0922448979591834,1
108.187082529068,-20,54,1.0922448979591834,-5,-18,10,2.0922448979591834,1
108.27047944068909,-20,53,1.0503999999999998,-5,-16,8,2.0504,1
108.33091974258423,-20,53,1.0503999999999998,-5,-18,10,2.0504,1
108.386563539505,-20,53,1.0503999999999998,-5,-18,10,2.0504,1
108.4392921924591,-20,53,1.0503999999999998,-5,-18,10,2.0504,1
108.55805706977844,-20,53,1.0503999999999998,-5,-18,10,2.0504,1
108.61400055885315,-19,52,1.0503999999999998,-4,-17,10,2.0504,1
108.66947865486145,-19,52,0.9715384615384615,-4,-18,5,1.9715384615384615,1
108.7225284576416,-19,52,0.9715384615384615,-4,-18,9,1.9715384615384615,1
108.80952763557434,-19,52,0.8985185185185185,-4,-18,4,1.8985185185185185,1
108.86333727836609,-20,52,1.0101960784313726,-5,-18,13,2.0101960784313726,1
108.9193823337555,-20,52,0.9715384615384615,-5,-18,7,1.9715384615384615,1
108.97138166427612,-20,52,0.9715384615384615,-5,-18,9,1.9715384615384615,1
109.05337715148926,-21,52,0.9715384615384615,-6,-18,9,1.9715384615384615,1
109.11241745948792,-21,52,0.8985185185185185,-5,-18,6,1.8985185185185185,1
109.16826796531677,-22,52,0.9343396226415093,-6,-18,11,1.9343396226415093,1
109.22194623947144,-23,53,0.9343396226415093,-7,-20,9,1.9343396226415093,1
109.31802988052368,-24,53,0.8985185185185185,-7,-18,6,1.8985185185185185,1
109.37087345123291,-25,53,0.9343396226415093,-7,-18,10,1.9343396226415093,1
109.43166422843933,-25,54,0.8985185185185185,-6,-21,7,1.8985185185185185,1
109.4862654209137,-27,54,0.8985185185185185,-9,-18,8,1.8985185185185185,1
109.58552527427673,-28,54,0.8985185185185185,-8,-18,8,1.8985185185185185,1
109.63891339302063,-29,54,0.8639999999999999,-8,-18,7,1.8639999999999999,1
109.69351625442505,-29,54,0.8639999999999999,-7,-18,8,1.8639999999999999,1
109.75220108032227,-30,54,0.8639999999999999,-8,-18,8,1.8639999999999999,1
109.83634614944458,-29,53,0.8985185185185185,-5,-16,10,1.8985185185185185,1
109.8908634185791,-27,51,0.8639999999999999,-4,-15,7,1.8639999999999999,1
109.94760465621948,-25,50,0.7985964912280701,-3,-15,4,1.79859649122807,1
110.0026228427887,-23,49,0.8639999999999999,-2,-15,12,1.8639999999999999,1
110.08376288414001,-20,48,0.8639999999999999,0,-14,8,1.8639999999999999,1
110.13945317268372,-18,48,0.7985964912280701,-2,-16,5,1.79859649122807,1
110.19339966773987,-17,47,0.7985964912280701,-2,-14,7,1.79859649122807,1
110.24885988235474,-16,47,0.7675862068965515,-2,-16,5,1.7675862068965515,1
110.33205389976501,-18,47,0.7675862068965515,-7,-16,7,1.7675862068965515,1
110.38474297523499,-21,47,0.7376271186440677,-8,-16,6,1.7376271186440677,1
110.43874454498291,-23,47,0.7376271186440677,-8,-16,7,1.7376271186440677,1
110.49449229240417,-25,48,0.7376271186440677,-9,-19,7,1.7376271186440677,1
110.57587242126465,-27,48,0.7376271186440677,-9,-16,7,1.7376271186440677,1
110.63290572166443,-28,48,0.7376271186440677,-7,-16,7,1.7376271186440677,1
110.68881249427795,-36,49,0.7086666666666666,-19,-19,5,1.7086666666666666,1
110.7449038028717,-44,49,0.7376271186440677,-22,-17,8,1.7376271186440677,1
110.82730960845947,-52,50,0.7086666666666666,-24,-19,5,1.7086666666666666,1
110.8866777420044,-57,51,0.7086666666666666,-19,-19,7,1.7086666666666666,1
110.94292998313904,-62,51,0.7086666666666666,-22,-17,7,1.7086666666666666,1
111.00272226333618,-72,52,0.7086666666666666,-31,-20,7,1.7086666666666666,1
111.09690761566162,-85,52,0.680655737704918,-39,-18,5,1.680655737704918,1
111.1583092212677,-95,53,0.680655737704918,-32,-19,6,1.680655737704918,1
111.21780443191528,-109,54,0.680655737704918,-40,-20,6,1.680655737704918,1
111.2730462551117,-122,55,0.7086666666666666,-40,-21,8,1.7086666666666666,1
111.3703031539917,-133,56,0.7086666666666666,-40,-21,7,1.7086666666666666,1
111.42536950111389,-141,56,0.7086666666666666,-40,-19,7,1.7086666666666666,1
111.48210906982422,-147,57,0.7086666666666666,-40,-22,7,1.7086666666666666,1
111.53625893592834,-152,57,0.680655737704918,-40,-19,5,1.680655737704918,1
111.6468014717102,-155,57,0.680655737704918,-40,-19,6,1.680655737704918,1
111.70052719116211,-158,57,0.680655737704918,-40,-19,6,1.680655737704918,1
111.75440263748169,-160,57,0.680655737704918,-40,-19,6,1.680655737704918,1
111.81071305274963,-162,58,0.680655737704918,-40,-22,6,1.680655737704918,1
111.90958595275879,-163,58,0.680655737704918,-40,-20,6,1.680655737704918,1
111.96483540534973,-164,59,0.6535483870967742,-40,-21,5,1.6535483870967742,1
112.02539706230164,-164,60,0.6535483870967742,-40,-23,6,1.6535483870967742,1
112.08157086372375,-165,60,0.6535483870967742,-40,-21,6,1.6535483870967742,1
112.16097378730774,-165,61,0.6018749999999999,-40,-23,3,1.601875,1
112.21488380432129,-165,62,0.5772307692307692,-40,-23,4,1.5772307692307692,1
112.26945328712463,-164,62,0.5533333333333332,-39,-21,4,1.5533333333333332,1
112.32663178443909,-164,62,0.5533333333333332,-40,-21,5,1.5533333333333332,1
112.40786004066467,-163,62,0.5076470588235293,-39,-21,2,1.5076470588235293,1
112.46652936935425,-162,62,0.5076470588235293,-39,-21,5,1.5076470588235293,1
112.52092623710632,-162,63,0.48579710144927524,-40,-24,3,1.4857971014492752,1
112.57785844802856,-162,63,0.48579710144927524,-40,-22,4,1.4857971014492752,1
112.65814399719238,-162,64,0.48579710144927524,-40,-24,4,1.4857971014492752,1
112.71252584457397,-162,64,0.48579710144927524,-40,-22,4,1.4857971014492752,1
112.76781129837036,-162,64,0.48579710144927524,-40,-22,4,1.4857971014492752,1
112.82747793197632,-164,65,0.48579710144927524,-40,-24,4,1.4857971014492752,1
112.91492938995361,-169,68,0.5076470588235293,-40,-29,6,1.5076470588235293,1
112.96984696388245,-174,70,0.5076470588235293,-40,-27,5,1.5076470588235293,1
113.02691316604614,-177,71,0.5076470588235293,-40,-27,5,1.5076470588235293,1
113.08410334587097,-180,72,0.5076470588235293,-40,-27,5,1.5076470588235293,1
113.18130779266357,-185,73,0.48579710144927524,-40,-27,3,1.4857971014492752,1
113.23501205444336,-191,75,0.48579710144927524,-40,-28,4,1.4857971014492752,1
113.29167699813843,-199,76,0.48579710144927524,-40,-28,4,1.4857971014492752,1
113.34743690490723,-206,77,0.48579710144927524,-40,-29,4,1.4857971014492752,1
113.45847725868225,-213,77,0.48579710144927524,-40,-26,4,1.4857971014492752,1
113.51531672477722,-221,75,0.48579710144927524,-40,-24,4,1.4857971014492752,1
113.57032537460327,-229,74,0.48579710144927524,-40,-23,4,1.4857971014492752,1
113.62786674499512,-235,72,0.48579710144927524,-40,-20,4,1.4857971014492752,1
113.72217774391174,-240,69,0.48579710144927524,-40,-17,4,1.4857971014492752,1
113.77721333503723,-244,64,0.48579710144927524,-40,-16,4,1.4857971014492752,1
113.83183479309082,-247,61,0.48579710144927524,-40,-14,4,1.4857971014492752,1
113.89657235145569,-248,58,0.48579710144927524,-40,-13,4,1.4857971014492752,1
113.98984718322754,-249,54,0.48579710144927524,-40,-11,4,1.4857971014492752,1
114.04754710197449,-250,50,0.48579710144927524,-40,-12,4,1.4857971014492752,1
114.10186576843262,-250,45,0.48579710144927524,-40,-5,4,1.4857971014492752,1
114.16007828712463,-249,40,0.48579710144927524,-40,-2,4,1.4857971014492752,1
114.26342821121216,-249,36,0.48579710144927524,-40,-4,4,1.4857971014492752,1
114.32582402229309,-248,33,0.48579710144927524,-40,-8,4,1.4857971014492752,1
114.38339805603027,-247,27,0.48579710144927524,-40,1,4,1.4857971014492752,1
114.44140148162842,-246,21,0.48579710144927524,-40,5,4,1.4857971014492752,1
114.54348111152649,-245,17,0.48579710144927524,-40,2,4,1.4857971014492752,1
114.59966111183167,-240,5,0.48579710144927524,-40,12,4,1.4857971014492752,1
114.65396475791931,-240,-7,0.48579710144927524,-40,28,4,1.4857971014492752,1
114.71154236793518,-240,-16,0.48579710144927524,-40,25,4,1.4857971014492752,1
114.80523586273193,-240,-23,0.48579710144927524,-40,22,4,1.4857971014492752,1
114.85873365402222,-240,-29,0.48579710144927524,-40,17,4,1.4857971014492752,1
114.91699385643005,-240,-33,0.48579710144927524,-40,20,4,1.4857971014492752,1
114.97687816619873,-231,-37,0.5076470588235293,-40,21,6,1.5076470588235293,1
115.07601571083069,-212,-42,0.5076470588235293,-27,24,5,1.5076470588235293,1
115.13141798973083,-200,-45,0.5076470588235293,-40,19,5,1.5076470588235293,1
115.18846392631531,-203,-47,0.5076470588235293,-40,20,5,1.5076470588235293,1
115.24903273582458,-205,-49,0.5076470588235293,-40,21,5,1.5076470588235293,1
115.35503768920898,-205,-51,0.5076470588235293,-40,21,5,1.5076470588235293,1
115.41144728660583,-212,-54,0.5076470588235293,-40,22,5,1.5076470588235293,1
115.46559190750122,-218,-65,0.5076470588235293,-40,30,5,1.5076470588235293,1
115.52302265167236,-223,-58,0.5076470588235293,-40,4,5,1.5076470588235293,1
115.63105392456055,-228,-52,0.5076470588235293,-40,5,5,1.5076470588235293,1
115.68528699874878,-232,-48,0.5076470588235293,-40,12,5,1.5076470588235293,1
115.74204230308533,-234,-40,0.5076470588235293,-40,-3,5,1.5076470588235293,1
115.7969446182251,-237,-29,0.5533333333333332,-40,-13,7,1.5533333333333332,1
115.89646768569946,-239,-9,0.5076470588235293,-40,-30,2,1.5076470588235293,1
115.95389533042908,-236,11,0.5076470588235293,-40,-27,5,1.5076470588235293,1
116.01351857185364,-235,35,0.5076470588235293,-40,-30,5,1.5076470588235293,1
116.07330870628357,-236,59,0.5076470588235293,-40,-30,5,1.5076470588235293,1
116.15497899055481,-236,85,0.5076470588235293,-40,-30,5,1.5076470588235293,1
116.21022272109985,-232,107,0.5076470588235293,-40,-30,5,1.5076470588235293,1
116.26717495918274,-229,124,0.5533333333333332,-40,-30,8,1.5533333333333332,1
116.3074152469635,-229,124,0.5533333333333332,-40,-30,5,1.5533333333333332,1
116.366379737854,-229,124,0.5533333333333332,-40,-30,5,1.5533333333333332,1
116.39917755126953,-229,124,0.5533333333333332,-40,-30,5,1.5533333333333332,1
116.43248558044434,-229,124,0.5533333333333332,-40,-30,5,1.5533333333333332,1
116.46680688858032,-229,124,0.5533333333333332,-40,-30,5,1.5533333333333332,1
116.54349541664124,-229,124,0.5533333333333332,-40,-30,5,1.5533333333333332,1
116.57731318473816,-229,124,0.5533333333333332,-40,-30,5,1.5533333333333332,1
116.61173295974731,-229,124,0.5533333333333332,-40,-30,5,1.5533333333333332,1
116.64635634422302,-229,124,0.5533333333333332,-40,-30,5,1.5533333333333332,1
116.7159161567688,-229,124,0.5533333333333332,-40,-30,5,1.5533333333333332,1
116.75153636932373,-229,124,0.5533333333333332,-40,-30,5,1.5533333333333332,1
116.78530645370483,-229,124,0.5533333333333332,-40,-30,5,1.5533333333333332,1
116.82031202316284,-229,124,0.5533333333333332,-40,-30,5,1.5533333333333332,1
116.888512134552,-229,124,0.5533333333333332,-40,-30,5,1.5533333333333332,1
116.92259240150452,-229,124,0.5533333333333332,-40,-30,5,1.5533333333333332,1
116.95713090896606,-229,124,0.5533333333333332,-40,-30,5,1.5533333333333332,1
116.99170207977295,-229,124,0.5533333333333332,-40,-30,5,1.5533333333333332,1
117.07577300071716,-229,124,0.5533333333333332,-40,-30,5,1.5533333333333332,1
117.10863637924194,-229,124,0.5533333333333332,-40,-30,5,1.5533333333333332,1
117.14348196983337,-229,124,0.5533333333333332,-40,-30,5,1.5533333333333332,1
117.17734551429749,-229,124,0.5533333333333332,-40,-30,5,1.5533333333333332,1
117.25066709518433,-229,124,0.5533333333333332,-40,-30,5,1.5533333333333332,1
117.28405499458313,-229,124,0.5533333333333332,-40,-30,5,1.5533333333333332,1
117.31803178787231,-229,124,0.5533333333333332,-40,-30,5,1.5533333333333332,1
117.35204601287842,-229,124,0.5533333333333332,-40,-30,5,1.5533333333333332,1
117.43173909187317,-229,124,0.5533333333333332,-40,-30,5,1.5533333333333332,1
117.4661271572113,-229,124,0.5533333333333332,-40,-30,5,1.5533333333333332,1
117.50073409080505,-229,124,0.5533333333333332,-40,-30,5,1.5533333333333332,1
117.53666734695435,-229,124,0.5533333333333332,-40,-30,5,1.5533333333333332,1
117.66199254989624,-229,124,0.5533333333333332,-40,-30,5,1.5533333333333332,1
117.6984510421753,-229,124,0.5533333333333332,-40,-30,5,1.5533333333333332,1
117.73450374603271,-229,124,0.5533333333333332,-40,-30,5,1.5533333333333332,1
117.7691810131073,-229,124,0.5533333333333332,-40,-30,5,1.5533333333333332,1
117.83456468582153,-229,124,0.5533333333333332,-40,-30,5,1.5533333333333332,1
117.86837553977966,-229,124,0.5533333333333332,-40,-30,5,1.5533333333333332,1
117.9022843837738,-229,124,0.5533333333333332,-40,-30,5,1.5533333333333332,1
117.93614053726196,-229,124,0.5533333333333332,-40,-30,5,1.5533333333333332,1
118.0504207611084,-229,124,0.5533333333333332,-40,-30,5,1.5533333333333332,1
118.08368229866028,-229,124,0.5533333333333332,-40,-30,5,1.5533333333333332,1
118.11815619468689,-229,124,0.5533333333333332,-40,-30,5,1.5533333333333332,1
118.1520733833313,-229,124,0.5533333333333332,-40,-30,5,1.5533333333333332,1
118.24012398719788,-229,124,0.5533333333333332,-40,-30,5,1.5533333333333332,1
118.27475953102112,-229,124,0.5533333333333332,-40,-30,5,1.5533333333333332,1
118.31006050109863,-229,124,0.5533333333333332,-40,-30,5,1.5533333333333332,1
118.34593176841736,-229,124,0.5533333333333332,-40,-30,5,1.5533333333333332,1
118.44903707504272,-229,124,0.5533333333333332,-40,-30,5,1.5533333333333332,1
118.48404502868652,-229,124,0.5533333333333332,-40,-30,5,1.5533333333333332,1
118.52309775352478,-229,124,0.5533333333333332,-40,-30,5,1.5533333333333332,1
118.55724167823792,-229,124,0.5533333333333332,-40,-30,5,1.5533333333333332,1
118.67455673217773,-229,124,0.5533333333333332,-40,-30,5,1.5533333333333332,1
118.70981025695801,-229,124,0.5533333333333332,-40,-30,5,1.5533333333333332,1
118.74587869644165,-229,124,0.5533333333333332,-40,-30,5,1.5533333333333332,1
118.78062176704407,-229,124,0.5533333333333332,-40,-30,5,1.5533333333333332,1
118.86435627937317,-229,124,0.5533333333333332,-40,-30,5,1.5533333333333332,1
118.8988311290741,-229,124,0.5533333333333332,-40,-30,5,1.5533333333333332,1
118.9341676235199,-229,124,0.5533333333333332,-40,-30,5,1.5533333333333332,1
118.96857619285583,-229,124,0.5533333333333332,-40,-30,5,1.5533333333333332,1
119.05403995513916,-229,124,0.5533333333333332,-40,-30,5,1.5533333333333332,1
119.08725070953369,-229,124,0.5533333333333332,-40,-30,5,1.5533333333333332,1
119.12155389785767,-229,124,0.5533333333333332,-40,-30,5,1.5533333333333332,1
119.15634393692017,-229,124,0.5533333333333332,-40,-30,5,1.5533333333333332,1
119.21908688545227,-229,124,0.5533333333333332,-40,-30,5,1.5533333333333332,1
119.25235629081726,-229,124,0.5533333333333332,-40,-30,5,1.5533333333333332,1
119.28616094589233,-229,124,0.5533333333333332,-40,-30,5,1.5533333333333332,1
119.3209342956543,-229,124,0.5533333333333332,-40,-30,5,1.5533333333333332,1
119.38517594337463,-229,124,0.5533333333333332,-40,-30,5,1.5533333333333332,1
119.41838955879211,-229,124,0.5533333333333332,-40,-30,5,1.5533333333333332,1
119.45286512374878,-229,124,0.5533333333333332,-40,-30,5,1.5533333333333332,1
119.48652076721191,-229,124,0.5533333333333332,-40,-30,5,1.5533333333333332,1
119.58386564254761,-229,124,0.5533333333333332,-40,-30,5,1.5533333333333332,1
119.61887431144714,-229,124,0.5533333333333332,-40,-30,5,1.5533333333333332,1
119.65281248092651,-229,124,0.5533333333333332,-40,-30,5,1.5533333333333332,1
119.6871874332428,-229,124,0.5533333333333332,-40,-30,5,1.5533333333333332,1
119.76340937614441,-229,124,0.5533333333333332,-40,-30,5,1.5533333333333332,1
119.79773736000061,-229,124,0.5533333333333332,-40,-30,5,1.5533333333333332,1
119.83253645896912,-229,124,0.5533333333333332,-40,-30,5,1.5533333333333332,1
119.8666033744812,-229,124,0.5533333333333332,-40,-30,5,1.5533333333333332,1
119.94066953659058,-229,124,0.5533333333333332,-40,-30,5,1.5533333333333332,1
119.97379446029663,-229,124,0.5533333333333332,-40,-30,5,1.5533333333333332,1
120.0075113773346,-229,124,0.5533333333333332,-40,-30,5,1.5533333333333332,1
120.04190683364868,-229,124,0.5533333333333332,-40,-30,5,1.5533333333333332,1
120.14456486701965,-229,124,0.5533333333333332,-40,-30,5,1.5533333333333332,1
120.18044447898865,-229,124,0.5533333333333332,-40,-30,5,1.5533333333333332,1
120.21435761451721,-229,124,0.5533333333333332,-40,-30,5,1.5533333333333332,1
120.24906015396118,-229,124,0.5533333333333332,-40,-30,5,1.5533333333333332,1
120.3146858215332,-229,124,0.5533333333333332,-40,-30,5,1.5533333333333332,1
120.34846496582031,-229,124,0.5533333333333332,-40,-30,5,1.5533333333333332,1
120.38291358947754,-229,124,0.5533333333333332,-40,-30,5,1.5533333333333332,1
120.41760230064392,-229,124,0.5533333333333332,-40,-30,5,1.5533333333333332,1
120.53199815750122,-229,124,0.5533333333333332,-40,-30,5,1.5533333333333332,1
120.56615734100342,-229,124,0.5533333333333332,-40,-30,5,1.5533333333333332,1
120.60107135772705,-229,124,0.5533333333333332,-40,-30,5,1.5533333333333332,1
120.63566780090332,-229,124,0.5533333333333332,-40,-30,5,1.5533333333333332,1
120.70778918266296,-229,124,0.5533333333333332,-40,-30,5,1.5533333333333332,1
120.74208903312683,-229,124,0.5533333333333332,-40,-30,5,1.5533333333333332,1
120.78094005584717,-229,124,0.5533333333333332,-40,-30,5,1.5533333333333332,1
120.81430912017822,-229,124,0.5533333333333332,-40,-30,5,1.5533333333333332,1
120.88646268844604,-229,124,0.5533333333333332,-40,-30,5,1.5533333333333332,1
120.92063808441162,-229,124,0.5533333333333332,-40,-30,5,1.5533333333333332,1
120.9553062915802,-229,124,0.5533333333333332,-40,-30,5,1.5533333333333332,1
120.98922681808472,-229,124,0.5533333333333332,-40,-30,5,1.5533333333333332,1
121.1105043888092,-229,124,0.5533333333333332,-40,-30,5,1.5533333333333332,1
121.15173435211182,-229,124,0.5533333333333332,-40,-30,5,1.5533333333333332,1
121.18575406074524,-229,124,0.5533333333333332,-40,-30,5,1.5533333333333332,1
121.22013235092163,-229,124,0.5533333333333332,-40,-30,5,1.5533333333333332,1
121.30914855003357,-229,124,0.5533333333333332,-40,-30,5,1.5533333333333332,1
121.34418272972107,-229,124,0.5533333333333332,-40,-30,5,1.5533333333333332,1
121.37922024726868,-229,124,0.5533333333333332,-40,-30,5,1.5533333333333332,1
121.41458773612976,-229,124,0.5533333333333332,-40,-30,5,1.5533333333333332,1
121.49399971961975,-229,124,0.5533333333333332,-40,-30,5,1.5533333333333332,1
121.528480052948,-229,124,0.5533333333333332,-40,-30,5,1.5533333333333332,1
121.56250834465027,-229,124,0.5533333333333332,-40,-30,5,1.5533333333333332,1
121.59641432762146,-229,124,0.5533333333333332,-40,-30,5,1.5533333333333332,1
121.67005705833435,-229,124,0.5533333333333332,-40,-30,5,1.5533333333333332,1
121.70347023010254,-229,124,0.5533333333333332,-40,-30,5,1.5533333333333332,1
121.73764443397522,-229,124,0.5533333333333332,-40,-30,5,1.5533333333333332,1
121.77262449264526,-229,124,0.5533333333333332,-40,-30,5,1.5533333333333332,1
121.87633633613586,-229,124,0.5533333333333332,-40,-30,5,1.5533333333333332,1
121.9114601612091,-229,124,0.5533333333333332,-40,-30,5,1.5533333333333332,1
121.9472324848175,-229,124,0.5533333333333332,-40,-30,5,1.5533333333333332,1
121.98186206817627,-229,124,0.5533333333333332,-40,-30,5,1.5533333333333332,1
122.06316876411438,-229,124,0.5533333333333332,-40,-30,5,1.5533333333333332,1
122.09676003456116,-229,124,0.5533333333333332,-40,-30,5,1.5533333333333332,1
122.13050746917725,-229,124,0.5533333333333332,-40,-30,5,1.5533333333333332,1
122.16538882255554,-229,124,0.5533333333333332,-40,-30,5,1.5533333333333332,1
122.24192476272583,-229,124,0.5533333333333332,-40,-30,5,1.5533333333333332,1
122.27573418617249,-229,124,0.5533333333333332,-40,-30,5,1.5533333333333332,1
122.30933356285095,-229,124,0.5533333333333332,-40,-30,5,1.5533333333333332,1
122.34399199485779,-229,124,0.5533333333333332,-40,-30,5,1.5533333333333332,1
122.41139245033264,-229,124,0.5533333333333332,-40,-30,5,1.5533333333333332,1
122.44423580169678,-229,124,0.5533333333333332,-40,-30,5,1.5533333333333332,1
122.47777104377747,-229,124,0.5533333333333332,-40,-30,5,1.5533333333333332,1
122.5119457244873,-229,124,0.5533333333333332,-40,-30,5,1.5533333333333332,1
122.6073009967804,-229,124,0.5533333333333332,-40,-30,5,1.5533333333333332,1
122.64075183868408,-229,124,0.5533333333333332,-40,-30,5,1.5533333333333332,1
122.67601704597473,-229,124,0.5533333333333332,-40,-30,5,1.5533333333333332,1
122.71161103248596,-229,124,0.5533333333333332,-40,-30,5,1.5533333333333332,1
122.78767251968384,-229,124,0.5533333333333332,-40,-30,5,1.5533333333333332,1
122.82198643684387,-229,124,0.5533333333333332,-40,-30,5,1.5533333333333332,1
122.85650444030762,-229,124,0.5533333333333332,-40,-30,5,1.5533333333333332,1
122.89086985588074,-229,124,0.5533333333333332,-40,-30,5,1.5533333333333332,1
123.0305802822113,-229,124,0.5533333333333332,-40,-30,5,1.5533333333333332,1
123.06770443916321,-229,124,0.5533333333333332,-40,-30,5,1.5533333333333332,1
123.1022253036499,-229,124,0.5533333333333332,-40,-30,5,1.5533333333333332,1
123.13616633415222,-229,124,0.5533333333333332,-40,-30,5,1.5533333333333332,1
123.20725131034851,-229,124,0.5533333333333332,-40,-30,5,1.5533333333333332,1
123.2413399219513,-229,124,0.5533333333333332,-40,-30,5,1.5533333333333332,1
123.27517771720886,-229,124,0.5533333333333332,-40,-30,5,1.5533333333333332,1
123.30955123901367,-229,124,0.5533333333333332,-40,-30,5,1.5533333333333332,1
123.3801121711731,-229,124,0.5533333333333332,-40,-30,5,1.5533333333333332,1
123.41567492485046,-229,124,0.5533333333333332,-40,-30,5,1.5533333333333332,1
123.45022678375244,-229,124,0.5533333333333332,-40,-30,5,1.5533333333333332,1
123.4843921661377,-229,124,0.5533333333333332,-40,-30,5,1.5533333333333332,1
123.58938097953796,-229,124,0.5533333333333332,-40,-30,5,1.5533333333333332,1
123.6305685043335,-229,124,0.5533333333333332,-40,-30,5,1.5533333333333332,1
123.66543555259705,-229,124,0.5533333333333332,-40,-30,5,1.5533333333333332,1
123.70002055168152,-229,124,0.5533333333333332,-40,-30,5,1.5533333333333332,1
123.79849910736084,-229,124,0.5533333333333332,-40,-30,5,1.5533333333333332,1
123.8315052986145,-229,124,0.5533333333333332,-40,-30,5,1.5533333333333332,1
123.86532211303711,-229,124,0.5533333333333332,-40,-30,5,1.5533333333333332,1
123.90013194084167,-229,124,0.5533333333333332,-40,-30,5,1.5533333333333332,1
123.97364330291748,-229,124,0.5533333333333332,-40,-30,5,1.5533333333333332,1
124.00768899917603,-229,124,0.5533333333333332,-40,-30,5,1.5533333333333332,1
124.04168152809143,-229,124,0.5533333333333332,-40,-30,5,1.5533333333333332,1
124.0766179561615,-229,124,0.5533333333333332,-40,-30,5,1.5533333333333332,1
124.14306306838989,-229,124,0.5533333333333332,-40,-30,5,1.5533333333333332,1
124.17598104476929,-229,124,0.5533333333333332,-40,-30,5,1.5533333333333332,1
124.20965051651001,-229,124,0.5533333333333332,-40,-30,5,1.5533333333333332,1
124.24461793899536,-229,124,0.5533333333333332,-40,-30,5,1.5533333333333332,1
124.3415880203247,-229,124,0.5533333333333332,-40,-30,5,1.5533333333333332,1
124.3755419254303,-229,124,0.5533333333333332,-40,-30,5,1.5533333333333332,1
124.409752368927,-229,124,0.5533333333333332,-40,-30,5,1.5533333333333332,1
